0.064350947737694,0.15005522966385,-0.075807496905327,0.058513049036264,0.031882613897324,0.076582618057728,0.045592729002237,0.0095377247780561,0.0030685304664075,0.028188290074468,0.13685697317123,0.0052435286343098,0.093709602952003,-0.2039255797863,-0.024066422134638,0.049933154135942,-0.027640884742141,0.10236025601625,-0.17267519235611,0.077004253864288,0.058526575565338,-0.018105193972588,0.068538248538971,-0.00099662353750318,-0.072596281766891,-0.21031403541565,-0.11610554903746,-0.12684588134289,-0.008529900573194,0.07558186352253,-0.023890944197774,0.041391730308533,-0.025819169357419,0.069631308317184,-0.027849800884724,-0.038424678146839,0.011465284973383,-0.085493549704552,-0.029545119032264,0.12220219522715,0.00054049445316195,-0.079648785293102,-0.035144913941622,0.052658721804619,-0.10064054280519,-0.021412432193756,0.061684034764767,0.028045538812876,-0.065359555184841,0.13435524702072,0.099175073206425,-0.021660124883056,-0.20874299108982,0.0064466558396816,-0.15062233805656,-0.030679285526276,0.016863737255335,-0.12400518357754,0.022810084745288,0.14665928483009,-0.040730345994234,-0.025024661794305,-0.018685406073928,-0.11505924910307,0.029175201430917,-0.25468099117279,0.01197777595371,-0.067852601408958,-0.054621502757072,0.0053202528506517,0.0095569361001253,0.054405745118856,0.021503763273358,0.019679524004459,-0.056410104036331,-0.01152323000133,-0.011350550688803,0.10723719000816,-0.10271924734116,0.069808587431908,-0.0023657481651753,-0.092277467250824,-0.070371747016907,0.10062708705664,-0.073963165283203,0.26627230644226,-0.0096943443641067,-0.1868017911911,-0.097779996693134,-0.019036440178752,-0.050055928528309,-0.11824816465378,-0.11997643858194,-0.071690015494823,-0.06426115334034,-0.083897069096565,-0.10914723575115,-0.014867539517581,-0.07728037238121,0.05079036206007,-0.0054735075682402,0.0073910187929869,0.024739656597376,0.11600378155708,0.12720504403114,-0.032902646809816,0.024834532290697,0.2397997379303,-0.019618066027761,0.084642559289932,-0.12920652329922,-0.052123807370663,0.0097623774781823,0.0024379659444094,-0.12167761474848,-0.0012914495309815,0.0079664606601,0.050404250621796,-0.0016429976094514,0.10163854062557,-0.048006452620029,0.045102998614311,-0.072027608752251,0.1859737187624,0.072256475687027,-0.097817122936249,-0.074495263397694,0.016170362010598
0.07743888348341,0.18292120099068,0.045509587973356,0.063463777303696,0.035292278975248,0.15439182519913,0.098102606832981,0.023407546803355,-0.007262562867254,0.015399883501232,0.18718999624252,0.045395851135254,0.051892202347517,-0.15065769851208,0.0039115487597883,0.0060898894444108,0.0077839358709753,0.15443526208401,-0.19314450025558,-0.033589728176594,0.13733242452145,0.011848086491227,-0.032486386597157,0.13658249378204,0.061541929841042,-0.21778471767902,-0.086616016924381,-0.023178938776255,0.052988179028034,0.097275450825691,0.014171632006764,-0.039349786937237,-0.062336124479771,0.13074904680252,-0.045129679143429,-0.094976492226124,-0.05628165602684,-0.10753274708986,0.013899255543947,0.13124279677868,0.047683246433735,-0.021663039922714,0.03357445076108,0.059363715350628,-0.059116061776876,-0.19916370511055,0.035934794694185,-0.047542680054903,-0.08924874663353,0.059949699789286,0.16275958716869,-0.031755089759827,-0.22431452572346,-0.014100458472967,-0.11358987540007,0.064283780753613,-0.09635903686285,0.072939969599247,-0.021320335566998,0.073061048984528,-0.088762111961842,-0.050277441740036,0.048875600099564,-0.14654099941254,0.018514443188906,-0.092687331140041,0.0016156930942088,-0.10866105556488,-0.18480594456196,0.07213120162487,0.05105797201395,0.094278112053871,0.020704094320536,0.012093123979867,-0.027518441900611,-0.031858656555414,0.021459463983774,0.033396162092686,-0.085410885512829,0.029221996665001,-0.043756067752838,-0.023780329152942,0.081949301064014,0.048501171171665,-0.085597142577171,0.16406685113907,0.056913804262877,-0.17495709657669,-0.060599017888308,0.01270252186805,-0.048650052398443,-0.21810929477215,-0.10954071581364,-0.023574341088533,-0.012745612300932,-0.073548495769501,-0.13320834934711,-0.053614176809788,-0.086098544299603,0.099097087979317,-0.049582306295633,0.042238112539053,0.018511116504669,0.16192518174648,0.040908318012953,0.046570267528296,0.0093516204506159,0.12883643805981,-0.033963304013014,-0.082768484950066,-0.043838586658239,-0.011242885142565,-0.020420486107469,0.0852420181036,-0.0024283665698022,-0.015260674990714,-0.0080562606453896,0.093973502516747,0.035643424838781,0.11846297234297,0.007400228176266,-0.0095700640231371,-0.1202427893877,0.10917598009109,0.096401914954185,-0.0017264509806409,-0.0062008984386921,-0.0052764276042581
0.047002546489239,0.22241657972336,-0.0083407983183861,0.13464099168777,-0.052553333342075,0.07939887791872,0.031454440206289,-0.020588222891092,0.031240409240127,0.041853874921799,0.18613809347153,-0.030050499364734,0.04796114563942,-0.1254675835371,-0.0048844674602151,0.0090720467269421,0.02967400662601,0.1454571634531,-0.10514561086893,0.024480944499373,0.080334149301052,-0.080592542886734,0.0088977664709091,0.09265323728323,0.040576625615358,-0.26284337043762,-0.10956045985222,-0.056321762502193,-0.027438826858997,0.10685755312443,-0.0038674266543239,-0.025531508028507,6.3015827436175e-06,0.11855790019035,-0.031016426160932,-0.024413211271167,0.048442233353853,-0.077197186648846,-0.012080444954336,0.094770714640617,-0.042651526629925,-0.076345175504684,0.048730619251728,-0.029831046238542,-0.016823975369334,-0.131667137146,0.084623098373413,-0.038729019463062,-0.06606887280941,0.13444775342941,0.13916006684303,-0.012683124281466,-0.18617905676365,0.041162457317114,-0.080374695360661,0.04998129978776,-0.022233558818698,-0.10890796035528,0.038881365209818,0.06394586712122,-0.041214756667614,-0.034535031765699,-0.035446897149086,-0.22444012761116,0.039209701120853,-0.10394197702408,0.043033130466938,-0.13215489685535,-0.14607366919518,0.063941590487957,0.0073787001892924,0.062222991138697,-0.019063398241997,0.050125654786825,-0.023725304752588,-0.056316338479519,0.078525446355343,0.097452603280544,-0.092403285205364,-0.0011215229751542,-0.09848727285862,-0.053239926695824,-0.04018983617425,0.035686355084181,-0.064146123826504,0.24806517362595,-0.071630135178566,-0.21750302612782,-0.011374284513295,0.011285105720162,-0.066803827881813,-0.19133913516998,-0.019714552909136,-0.084261670708656,0.00030629491084255,-0.080857761204243,-0.13375915586948,-0.007242560852319,-0.053952354937792,0.08076873421669,-0.042562667280436,0.031580470502377,0.019604053348303,0.12092080712318,0.13156040012836,0.045098699629307,0.059446979314089,0.11879626661539,-0.067232586443424,0.028433116152883,-0.16828814148903,-0.051597598940134,0.036865722388029,0.017165042459965,-0.067534536123276,-0.041991613805294,0.090066410601139,0.034743934869766,0.044827584177256,0.077003516256809,-0.030771115794778,0.038445200771093,-0.069030970335007,0.18195281922817,0.10299672931433,-0.052801620215178,0.028515826910734,0.01534363348037
0.024055249989033,0.17333041131496,0.072588376700878,0.055193901062012,-0.050642620772123,0.15193590521812,0.04471567645669,0.020162669941783,-0.015283421613276,-0.005029063206166,0.14478571712971,-0.0091845886781812,0.040096696466208,-0.19175960123539,-0.010554497130215,-0.039154458791018,-0.10451662540436,0.13854828476906,-0.12957392632961,-0.021720185875893,0.10670290887356,-0.032804396003485,-0.01210752595216,0.10920771211386,0.014262492768466,-0.23162089288235,-0.10671493411064,-0.061601277440786,-0.007268431596458,0.053411450237036,0.04156743362546,-0.13908666372299,-0.08246573060751,0.097650550305843,0.017965607345104,-0.047582402825356,-0.035960104316473,-0.15359628200531,0.019634610041976,0.12933000922203,-0.0015650771092623,-0.089852869510651,0.023636708036065,0.060943160206079,-0.036067236214876,-0.20581242442131,0.064594425261021,-0.014271672815084,-0.090087227523327,0.14729759097099,0.09029171615839,-0.079806610941887,-0.18973234295845,0.028928156942129,-0.12588369846344,0.051782090216875,-0.049874968826771,0.0054897041991353,-0.0042860861867666,0.060276448726654,-0.037950690835714,0.034560367465019,0.038532871752977,-0.14372812211514,0.020539054647088,-0.13069167733192,0.054018102586269,-0.19411469995975,-0.16001830995083,0.058180756866932,0.0040209395810962,0.082002066075802,0.022092314437032,0.060464426875114,-0.033545199781656,-0.083639390766621,0.01602578535676,0.043584819883108,-0.024203518405557,0.059519719332457,-0.041539870202541,-0.088622838258743,0.023723006248474,0.078132472932339,-0.105608060956,0.20211045444012,-0.0063120126724243,-0.18170930445194,-0.026618229225278,0.0097658932209015,-0.0097523517906666,-0.17238791286945,-0.013806661590934,-0.071584187448025,-0.039873395115137,-0.089063458144665,-0.15035046637058,0.012496751733124,-0.091137573122978,0.11641085147858,-0.048930831253529,0.043098978698254,-0.017936062067747,0.076696969568729,0.15407787263393,0.065353438258171,0.069857284426689,0.13522611558437,-0.08236288279295,0.028130631893873,-0.095562160015106,-0.06050343811512,0.033987332135439,0.034906011074781,-0.082191333174706,0.020312685519457,0.098592363297939,0.11980959773064,0.031347461044788,0.080970421433449,-0.014986711554229,-0.056022521108389,-0.10915137082338,0.091503985226154,0.035587646067142,-0.026003697887063,-0.023663764819503,0.041604168713093
0.0289744772017,0.19358329474926,0.055019576102495,0.076942794024944,-0.017224237322807,0.064433798193932,0.032558992505074,0.033468253910542,0.00072143558645621,0.014599523507059,0.15611824393272,-0.0065467585809529,0.067962370812893,-0.17304764688015,-0.010415316559374,0.00015324215928558,-0.022983020171523,0.13014286756516,-0.18760511279106,0.057474818080664,0.076884970068932,-0.047412116080523,0.038614016026258,0.02337034419179,-0.024728361517191,-0.24227803945541,-0.14727914333344,-0.044595681130886,-0.020420666784048,0.042227648198605,-0.0051906192675233,-0.061510093510151,-0.016296083107591,0.098077334463596,-0.024307165294886,-0.051360931247473,-0.0021464077290148,-0.055546071380377,-0.039359867572784,0.12213652580976,-0.024748107418418,-0.043713394552469,0.00069707387592643,0.014664434827864,-0.060174286365509,-0.12518173456192,0.05454896017909,-0.035643048584461,-0.078684881329536,0.16706946492195,0.10592484474182,-0.049213342368603,-0.25370994210243,0.031118888407946,-0.14393763244152,-0.0025085804518312,-0.043993785977364,-0.09988858550787,0.011746244505048,0.093259140849113,-0.028683621436357,-0.020539855584502,-0.041974518448114,-0.13314780592918,0.045216236263514,-0.18458844721317,0.029024170711637,-0.11715982854366,-0.12788374722004,0.042779956012964,0.055725760757923,0.059239376336336,0.058199405670166,0.058014404028654,-0.050084955990314,-0.043093990534544,0.01160996966064,0.070072032511234,-0.059475339949131,0.022326596081257,-0.06398868560791,-0.091555222868919,-0.02553129196167,0.086244724690914,-0.073351800441742,0.22379423677921,-0.022368807345629,-0.16890023648739,-0.030672065913677,-0.0046989060938358,-0.065644547343254,-0.17326429486275,-0.048072539269924,-0.07246121764183,-0.032819524407387,-0.10111644864082,-0.12587939202785,-0.019035430625081,-0.12489365786314,0.097080424427986,-0.073718786239624,0.030374195426702,0.0024829681497067,0.10061639547348,0.14509892463684,0.030512353405356,0.059246014803648,0.17454180121422,-0.012611273676157,0.022736264392734,-0.14565575122833,-0.057503711432219,0.0073124985210598,0.066044338047504,-0.089118778705597,-0.031807631254196,0.053326487541199,0.078061066567898,0.015426472760737,0.076417744159698,-0.072457909584045,0.056692227721214,-0.10445489734411,0.17306247353554,0.13250610232353,-0.09059265255928,5.1989900384797e-05,0.012654854916036
0.04043647646904,0.17236214876175,0.018875809386373,0.10870882868767,-0.030124647542834,0.046463195234537,0.032287750393152,0.0080439960584044,0.028770009055734,0.02284699305892,0.16416946053505,-0.014213332906365,0.062071796506643,-0.12422731518745,-0.0061777164228261,0.016252120956779,0.014917260967195,0.14328886568546,-0.14576306939125,0.060004096478224,0.064917840063572,-0.064780928194523,0.054278176277876,0.031950764358044,-0.025553798303008,-0.2556736767292,-0.13192188739777,-0.055344916880131,-0.057331319898367,0.068951398134232,-0.024606673046947,-0.015713477507234,0.024768352508545,0.11632914841175,-0.027445331215858,-0.029877107590437,0.049019437283278,-0.038612250238657,-0.043638091534376,0.099753744900227,-0.046135183423758,-0.051535319536924,0.021758107468486,-0.047163616865873,-0.046646274626255,-0.10920319706202,0.051441069692373,-0.040049370378256,-0.054487012326717,0.17658522725105,0.11000175774097,-0.048910368233919,-0.20708274841309,0.061150621622801,-0.10489735752344,0.014710226096213,-0.00060683221090585,-0.14074674248695,0.016285941004753,0.10800264030695,-0.030119953677058,-0.021603479981422,-0.066988088190556,-0.1931039839983,0.059543076902628,-0.1430695950985,0.020436078310013,-0.10872069746256,-0.13809721171856,0.049730326980352,0.027667168527842,0.040742512792349,0.014339019544423,0.061868529766798,-0.04386443644762,-0.035091940313578,0.066024906933308,0.064919091761112,-0.079828567802906,-0.021072475239635,-0.086621887981892,-0.08763263374567,-0.057704798877239,0.058630615472794,-0.070211581885815,0.24968069791794,-0.059705059975386,-0.19466690719128,-0.028599621728063,0.013094731606543,-0.057987220585346,-0.18021075427532,-0.021356889978051,-0.082548215985298,-0.0042819804511964,-0.063660472631454,-0.14048254489899,-0.0045509878546,-0.084112964570522,0.10317697376013,-0.039158247411251,0.016733575612307,0.0068064373917878,0.10328656435013,0.1794278472662,0.020077187567949,0.06304657459259,0.12674309313297,-0.04202814027667,0.036393467336893,-0.19361741840839,-0.060288462787867,0.049018621444702,0.032669067382812,-0.084585174918175,-0.033898048102856,0.10237863659859,0.054772853851318,0.026144810020924,0.086442910134792,-0.051291923969984,0.055172014981508,-0.07704945653677,0.18799464404583,0.12598656117916,-0.083066560328007,0.015513842925429,0.01495170686394
0.012791410088539,0.12708906829357,0.15471284091473,-0.027473108842969,-0.088256269693375,0.12167707085609,0.075114220380783,0.14372405409813,-0.097192592918873,-0.063263356685638,0.048777617514133,-0.016328534111381,0.062683776021004,-0.2114619165659,-0.050297699868679,0.0053894752636552,-0.18357346951962,-0.034299556165934,-0.16970178484917,-0.0026480930391699,0.1759839206934,-0.068496182560921,-0.066842146217823,-0.034799229353666,-0.0094222808256745,-0.075843714177608,-0.15715301036835,-0.03296921402216,0.049163732677698,-0.021581130102277,0.01674909889698,-0.095631875097752,-0.11113677173853,0.086178123950958,-0.024272531270981,-0.12203729897738,-0.053186506032944,-0.0029822697397321,0.10039926320314,0.077401332557201,0.02044652402401,-0.10914586484432,0.083377033472061,0.024235088378191,0.058950792998075,-0.2084254026413,0.072776593267918,-0.10452208667994,-0.1680401712656,0.091053947806358,-0.00055981584591791,-0.058067064732313,-0.16651500761509,0.12087674438953,-0.047746136784554,-0.018924500793219,-0.038580633699894,0.0083457911387086,-0.066946886479855,-0.070669710636139,0.005580335855484,0.015727818012238,0.038614671677351,-0.036783207207918,-0.020425710827112,-0.0097266249358654,0.037327848374844,-0.13586661219597,-0.099042683839798,-0.092132933437824,0.0083663864061236,0.041551813483238,0.011858736164868,0.11432411521673,0.045354798436165,-0.055004701018333,0.0076921074651182,-0.035698164254427,0.057263426482677,0.15286844968796,-0.030934803187847,-0.14515729248524,0.11672724783421,0.097026184201241,-0.095253884792328,0.1510723233223,0.061262458562851,-0.040745075792074,0.064231254160404,-0.034519612789154,0.011108162812889,-0.17795984447002,-0.053188748657703,0.026282930746675,-0.10430133342743,-0.043734606355429,-0.031697455793619,0.056448351591825,-0.12474420666695,0.11214268952608,-0.097071401774883,0.028410829603672,-0.072257958352566,0.16633960604668,0.084332041442394,0.090391457080841,0.036242224276066,0.25040996074677,-0.017597202211618,-0.12269112467766,-0.099273383617401,-0.027148837223649,-0.1270510405302,0.049013193696737,0.037970643490553,0.040194917470217,0.039085444062948,0.13004975020885,0.043086033314466,0.051660224795341,-0.048228558152914,-0.019349278882146,0.00014031467435416,0.011567787267268,0.058695577085018,-0.030884439125657,0.034848861396313,0.037200398743153
0.070741452276707,0.19262036681175,0.093211323022842,0.077073186635971,-0.060513854026794,0.041831035166979,0.087383508682251,0.054562345147133,-0.042747516185045,-0.031760741025209,0.12690086662769,-0.022462217137218,0.077775672078133,-0.21795599162579,-0.075084626674652,-0.00044511517626233,-0.065727211534977,0.10547506064177,-0.21720866858959,0.054208803921938,0.14090387523174,-0.030733846127987,-0.0067339991219342,0.011346993036568,-0.062715090811253,-0.18490025401115,-0.18985010683537,-0.078173413872719,0.039754264056683,0.075485818088055,-0.061638541519642,-0.024700038135052,-0.057368215173483,0.075259163975716,0.011922063305974,-0.14559882879257,-0.031917084008455,0.033292058855295,-0.010755999013782,0.087334915995598,-0.060754258185625,-0.043985266238451,-0.022849464789033,0.049358829855919,-0.021904911845922,-0.080864526331425,0.060960203409195,-0.07145868986845,-0.14762035012245,0.1161520332098,0.092200361192226,0.0082993861287832,-0.19848138093948,0.051549978554249,-0.13172549009323,-0.044795766472816,0.00042534904787317,-0.0954250395298,0.0069023361429572,0.032740361988544,0.020396266132593,-0.023680251091719,-0.019411183893681,-0.052826572209597,0.006164226680994,-0.1957240998745,0.052623625844717,-0.14499305188656,-0.10688601434231,-0.035964507609606,0.043109156191349,-0.011461113579571,0.064307034015656,0.067303106188774,-0.065108805894852,-0.058979291468859,-0.024663606658578,0.016419179737568,-0.021596247330308,0.11074000597,-0.02473271265626,-0.10700587183237,-0.040102101862431,0.05226444453001,-0.031691234558821,0.18716391921043,-0.017036728560925,-0.1793710142374,-0.033087469637394,-0.0069047356955707,-0.035831037908792,-0.15509223937988,-0.092114686965942,-0.053584344685078,-0.079084731638432,-0.09201093763113,-0.05707548186183,-0.0014218309661373,-0.097025290131569,0.084568202495575,-0.0371228531003,0.080795675516129,0.0055410824716091,0.15776798129082,0.094910658895969,-0.018044173717499,0.086128056049347,0.26183173060417,0.043501116335392,-0.018932247534394,-0.089294023811817,-0.04401795566082,-0.090790063142776,0.026668570935726,-0.055916007608175,0.019962726160884,0.00039151232340373,0.059038776904345,0.011157869361341,0.02884466573596,-0.11917545646429,0.060022078454494,-0.078438520431519,0.13111919164658,0.15615558624268,-0.087764427065849,0.027730256319046,-0.023140808567405
0.048631396144629,0.17910297214985,0.091641828417778,0.047332666814327,-0.027556587010622,0.23051658272743,0.014079701155424,0.1076989620924,0.021162481978536,0.05028085783124,0.14151449501514,-0.026812110096216,-0.0083132814615965,-0.26143437623978,0.062965832650661,-0.010061743669212,-0.053485874086618,0.082422696053982,-0.11148834228516,-0.086904108524323,0.098216086626053,0.069610700011253,-0.087199307978153,0.05418012291193,0.053347487002611,-0.17661759257317,-0.054670080542564,-0.047742661088705,0.0025085122324526,-0.0024592347908765,0.093873932957649,-0.1577545851469,-0.11214943230152,0.088503018021584,0.041139900684357,-0.027852866798639,0.015470584854484,-0.21047902107239,0.035958379507065,0.10674292594194,0.03251601010561,-0.060746740549803,0.0052552567794919,0.078055717051029,0.012927129864693,-0.22094115614891,0.043963465839624,-0.027204213663936,-0.075465798377991,0.08465339243412,0.15827330946922,-0.048931196331978,-0.21535210311413,-0.0038635882083327,-0.11147379875183,0.042790994048119,-0.12455540150404,-0.070797823369503,0.0052579692564905,-0.0099826464429498,-0.043683733791113,-0.081312075257301,0.0033155179116875,-0.1748651266098,0.030318951234221,-0.15519446134567,0.09996622800827,-0.11540102213621,-0.072084851562977,0.081082955002785,0.045496262609959,0.1251392364502,0.030486138537526,-0.040081914514303,-0.08680572360754,-0.078541420400143,-0.025362214073539,0.1312645226717,-0.043846935033798,0.075621731579304,-0.0053934338502586,-0.0096304146572948,0.088010713458061,0.085945934057236,-0.0076153227128088,0.10920981317759,0.049702350050211,-0.097075134515762,0.016647536307573,0.03099643625319,-0.066094912588596,-0.13545544445515,-0.11789072304964,0.011158841662109,-0.066549174487591,-0.072282932698727,-0.046493340283632,-0.091641962528229,-0.15794107317924,0.11411644518375,-0.071665920317173,0.049762923270464,-0.04351095110178,-0.004529251717031,0.065363429486752,0.036448769271374,0.057348616421223,0.019157249480486,-0.098046235740185,0.06259760260582,-0.057421296834946,-0.062453906983137,0.0039643840864301,0.035215802490711,0.019960919395089,-0.055330969393253,-0.0099841514602304,0.066105954349041,-0.046519801020622,-0.011763378046453,0.012014693580568,0.00018207063840237,0.011689452454448,0.10362584888935,0.18665184080601,-0.070458978414536,0.068919293582439,0.023489935323596
0.066597230732441,0.16008777916431,0.073814287781715,0.04940028116107,-0.044100787490606,0.066306173801422,0.045328114181757,0.021368853747845,0.059330228716135,-0.15065121650696,0.154616355896,0.017996560782194,0.030365534126759,-0.19547626376152,-0.10242908447981,0.043251816183329,-0.12753289937973,-0.023413920775056,-0.23356868326664,0.08928931504488,0.1489354968071,-0.0095986723899841,-0.010604527778924,0.019876001402736,-0.032313823699951,-0.17719587683678,-0.085468739271164,-0.006803672760725,0.040500786155462,0.061646044254303,-0.011644104495645,-0.098286911845207,-0.0019816712010652,0.11418786644936,-0.028070060536265,-0.072264343500137,0.0017396698240191,0.010293490253389,0.0033492627553642,0.086978003382683,-0.027828793972731,-0.082069635391235,0.043266154825687,-0.004009697586298,0.038895849138498,-0.12665970623493,0.036583572626114,-0.059153228998184,-0.11100610345602,0.17568080127239,-0.029017714783549,-0.0048993905074894,-0.15743508934975,0.085369504988194,-0.054679200053215,-0.024435795843601,-0.088074952363968,-0.032940398901701,-0.12980075180531,0.048459015786648,-0.066127769649029,-0.024685733020306,0.092173226177692,-0.087136834859848,-0.0061551500111818,-0.084535777568817,0.012346120551229,-0.13451698422432,-0.16050271689892,-0.03923774510622,0.019065791741014,-0.029580309987068,-0.0026556393131614,0.076688170433044,0.059563741087914,-0.029173005372286,0.071401044726372,-0.021688107401133,-0.046329814940691,0.13726088404655,0.016544207930565,-0.13237039744854,0.023863039910793,0.078060664236546,-0.072657056152821,0.22300606966019,-0.0398611985147,-0.1139932051301,-0.035310950130224,0.056668687611818,0.047923445701599,-0.24597458541393,-0.10007826238871,0.053773276507854,-0.044455267488956,-0.050581831485033,-0.11728191375732,-0.020147126168013,-0.05045747384429,0.083265200257301,-0.046250686049461,-0.0060722078196704,-0.07586719840765,0.10461892187595,0.092037573456764,0.092089593410492,0.096699520945549,0.21810474991798,-0.016151461750269,-0.083928398787975,-0.092722445726395,-0.030056359246373,-0.050163347274065,0.09552738070488,-0.013321137987077,0.052744559943676,0.020477496087551,0.17540049552917,0.045753456652164,0.12120831012726,-0.075574539601803,0.031849734485149,-0.043429587036371,0.10899027436972,0.11915277689695,0.00035832612775266,0.081811651587486,-0.0061153690330684
0.028642544522882,0.14978019893169,0.0061814365908504,0.067088536918163,-0.040638409554958,0.071604773402214,0.028381960466504,0.070619255304337,0.0032846508547664,-0.0068677440285683,0.10640309751034,-0.017993723973632,0.059319220483303,-0.23328776657581,-0.034870289266109,-0.0097536966204643,-0.074030503630638,0.056671548634768,-0.14710462093353,0.067864261567593,0.063566133379936,-0.05768334120512,0.031760800629854,-0.061741527169943,-0.067101024091244,-0.21615043282509,-0.14691935479641,-0.10397217422724,-0.068191342055798,0.018202291801572,-0.012254619970918,-0.082349255681038,-0.02250867523253,0.05242370441556,0.0058707562275231,-0.04397202655673,0.013349663466215,-0.077523574233055,-0.054472271353006,0.086752094328403,-0.024265877902508,-0.079340033233166,-0.01955309137702,0.041115961968899,-0.049973990768194,-0.066208451986313,0.053085476160049,-0.027701990678906,-0.070218034088612,0.17262637615204,0.063308924436569,-0.051834475249052,-0.21115826070309,0.042339209467173,-0.13480998575687,-0.038900796324015,-0.026247909292579,-0.17133359611034,0.0065818661823869,0.086025416851044,0.011951705440879,-0.021952636539936,-0.045055888593197,-0.10791449248791,0.061562232673168,-0.24608743190765,0.04069971293211,-0.11298245936632,-0.05526389554143,-0.018294846639037,0.041668642312288,0.038085699081421,0.056516192853451,0.023914072662592,-0.072251990437508,-0.011731091886759,-0.012135512195528,0.08504506200552,-0.044116508215666,0.083391740918159,-0.058145832270384,-0.14262253046036,-0.051565956324339,0.12166971713305,-0.0650539919734,0.23619377613068,-0.020752338692546,-0.1439817994833,-0.029108986258507,-0.020012913271785,-0.070321887731552,-0.1313419342041,-0.069773286581039,-0.065660201013088,-0.084017306566238,-0.10251601040363,-0.064568214118481,-0.033090218901634,-0.1292355209589,0.092444837093353,-0.052101470530033,0.037904419004917,-0.010924022644758,0.037226919084787,0.15344601869583,-0.0021389154717326,0.077442102134228,0.21643210947514,-0.054605815559626,0.090475894510746,-0.14792396128178,-0.10390932112932,0.0019198030931875,0.0005082311690785,-0.10508283227682,-0.0059545151889324,0.041013587266207,0.079826727509499,-0.00071544531965628,0.046274617314339,-0.10138386487961,0.047885108739138,-0.05943812802434,0.1663716584444,0.16392235457897,-0.11468979716301,0.0052120783366263,0.024207958951592
0.039889555424452,0.14324657618999,-0.022095542401075,0.11342061311007,-0.011464932002127,0.021349914371967,0.018831063061953,0.0065783644095063,0.076642826199532,0.035289131104946,0.19859696924686,-0.0044584213756025,0.081294164061546,-0.10849194228649,-0.0081532234326005,-0.022426968440413,0.022200625389814,0.15051387250423,-0.16714605689049,0.078929714858532,0.044256046414375,-0.062175456434488,0.057897854596376,0.025968326255679,-0.019319910556078,-0.2468575835228,-0.10603892803192,-0.048977561295033,-0.07402540743351,0.065789468586445,-0.020498272031546,0.005407405551523,0.04995446279645,0.10934262722731,-0.05949442461133,-0.013283197768033,0.020204957574606,-0.039120819419622,-0.081677235662937,0.094478420913219,-0.0090656699612737,-0.059207782149315,-0.041592221707106,0.0019693661015481,-0.098274156451225,-0.1076925098896,0.00064797891536728,-0.00088258273899555,0.011318741366267,0.1505498290062,0.11232952773571,0.005445777438581,-0.21348859369755,0.028961688280106,-0.11476488411427,0.0048115537501872,-0.021775854751468,-0.17529508471489,0.037487253546715,0.11505532264709,-0.05452847853303,-0.071070969104767,-0.080379597842693,-0.1201598122716,0.0086109060794115,-0.17448687553406,0.03716055303812,-0.056651543825865,-0.073866315186024,0.062796480953693,0.045908626168966,0.025819037109613,0.042856778949499,0.018643938004971,-0.049960166215897,-0.035418272018433,0.019006377086043,0.070995889604092,-0.11322774738073,0.013286903500557,-0.093109868466854,-0.077190533280373,-0.04735217615962,0.061203826218843,-0.049376111477613,0.2505296766758,-0.014079921878874,-0.17524762451649,-0.029666973277926,-0.0064143021591008,-0.078978806734085,-0.16140978038311,-0.023202879354358,-0.10047476738691,-0.050721153616905,-0.12510891258717,-0.16379265487194,-0.056076265871525,-0.062025927007198,0.04226628318429,-0.0081376470625401,0.034096509218216,0.062933266162872,0.077097624540329,0.17628835141659,-0.011532787233591,0.044387351721525,0.14601591229439,-0.0086118830367923,0.051602605730295,-0.16676297783852,-0.049633659422398,0.011199473403394,0.037254884839058,-0.10385210067034,-0.051232427358627,0.077837981283665,0.014788066036999,0.044914893805981,0.085861593484879,-0.032628905028105,0.067303545773029,-0.11716957390308,0.21727448701859,0.12953066825867,-0.10377332568169,0.022138858214021,0.060952305793762
0.021111160516739,0.21132270991802,0.14796589314938,0.054244298487902,-0.017114818096161,0.035506054759026,0.11836735159159,0.075917840003967,0.042838513851166,0.0054763345979154,0.13567577302456,-0.032644245773554,0.046730045229197,-0.22546002268791,0.0094336299225688,-0.0051149800419807,-0.10420781373978,0.10780730843544,-0.248275578022,0.053412258625031,0.12295400351286,-0.018163261935115,-0.073979094624519,0.026401957497001,-0.039483141154051,-0.18738435208797,-0.2085744291544,-0.026273682713509,0.063669472932816,0.050106722861528,-0.013817751780152,-0.0098625039681792,-0.047630716115236,0.14182312786579,0.040143460035324,-0.089554488658905,0.055292837321758,0.0055119134485722,-0.011127157136798,0.043922077864408,0.041609916836023,-0.069381378591061,0.063932076096535,0.035536393523216,-0.0088754529133439,-0.14096927642822,0.061553899198771,-0.025047799572349,-0.11234338581562,0.10629358142614,0.024712776765227,-0.053861912339926,-0.24939042329788,0.060997199267149,-0.038278877735138,0.006953758187592,-0.12174011021852,-0.097964286804199,-0.056427128612995,0.014377212151885,-0.03260925412178,-0.068923495709896,-0.021767236292362,-0.077763825654984,0.019198663532734,-0.085096955299377,0.04378904774785,-0.18102417886257,-0.11659137904644,-0.020050464197993,0.025208652019501,0.022170923650265,0.067947395145893,0.11403015255928,-0.03158026188612,-0.10474836081266,0.017340648919344,0.083775460720062,-0.00057946471497416,-0.0089646000415087,0.001951003796421,-0.019678868353367,-0.026652421802282,0.059756886214018,-0.0060607991181314,0.17048069834709,-0.0033659802284092,-0.090092852711678,0.042472843080759,0.080294847488403,0.053736623376608,-0.18841217458248,-0.099332250654697,-0.091780476272106,-0.072154276072979,-0.074252717196941,-0.11098475009203,-0.029046213254333,-0.081627741456032,0.089809067547321,-0.063780397176743,0.010446928441525,0.012242320924997,0.081103973090649,0.091157987713814,0.051108673214912,0.073798887431622,0.18929636478424,0.051322184503078,0.006776184309274,-0.099890895187855,-0.021677508950233,-0.11576101183891,0.060973424464464,-0.014701581560075,-0.056642048060894,0.077698566019535,0.022944130003452,0.00441809091717,0.011078270152211,-0.015850726515055,0.11416529864073,-0.032219368964434,0.2102342247963,0.10799091309309,-0.10302339494228,0.061706051230431,-0.039935864508152
